"OSTLU_2522","ADP/ATP (chloroplast)","","AAA","The ATP:ADP Antiporter (AAA) Family","Secondary Transporter","2.A.12"
"OSTLU_14597","amino acid","","AAAP","The Amino Acid/Auxin Permease (AAAP) Family","Secondary Transporter","2.A.18"
"OSTLU_25632","amino acid","","AAAP","The Amino Acid/Auxin Permease (AAAP) Family","Secondary Transporter","2.A.18"
"OSTLU_28839","amino acid","","AAAP","The Amino Acid/Auxin Permease (AAAP) Family","Secondary Transporter","2.A.18"
"OSTLU_30899","amino acid","","AAAP","The Amino Acid/Auxin Permease (AAAP) Family","Secondary Transporter","2.A.18"
"OSTLU_45915","amino acid","","AAAP","The Amino Acid/Auxin Permease (AAAP) Family","Secondary Transporter","2.A.18"
"OSTLU_36876","chloride/bicarbonate anion exchange","","AE","The Anion Exchanger (AE) Family","Secondary Transporter","2.A.31"
"OSTLU_38528","anion exchange","","AE","The Anion Exchanger (AE) Family","Secondary Transporter","2.A.31"
"OSTLU_25832","auxin efflux","","AEC","The Auxin Efflux Carrier (AEC) Family","Secondary Transporter","2.A.69"
"OSTLU_93051","auxin efflux","","AEC","The Auxin Efflux Carrier (AEC) Family","Secondary Transporter","2.A.69"
"OSTLU_43398","amino acid","","APC","The Amino Acid-Polyamine-Organocation (APC) Family","Secondary Transporter","2.A.3"
"OSTLU_13038","P-protein homolog (tyrosine transporter)","","ArsB","The Arsenite-Antimonite (ArsB) Efflux Family","Secondary Transporter","2.A.45"
"OSTLU_12281","sodium ion/bile acid","","BASS","The Bile Acid:Na+ Symporter (BASS) Family","Secondary Transporter","2.A.28"
"OSTLU_17829","sodium ion/bile acid","","BASS","The Bile Acid:Na+ Symporter (BASS) Family","Secondary Transporter","2.A.28"
"OSTLU_33387","sodium ion/bile acid","","BASS","The Bile Acid:Na+ Symporter (BASS) Family","Secondary Transporter","2.A.28"
"OSTLU_3803","sodium ion/bile acid","","BASS","The Bile Acid:Na+ Symporter (BASS) Family","Secondary Transporter","2.A.28"
"OSTLU_4131","sodium ion/bile acid","","BASS","The Bile Acid:Na+ Symporter (BASS) Family","Secondary Transporter","2.A.28"
"OSTLU_1494","glycine betaine/carnitine/choline","","BCCT","The Betaine/Carnitine/Choline Transporter (BCCT) Family","Secondary Transporter","2.A.15"
"OSTLU_33799","glycine betaine/carnitine/choline","","BCCT","The Betaine/Carnitine/Choline Transporter (BCCT) Family","Secondary Transporter","2.A.15"
"OSTLU_1885","sodium ion/potassium ion/calcium ion","","CaCA","The Ca2+:Cation Antiporter (CaCA) Family","Secondary Transporter","2.A.19"
"OSTLU_2890","sodium ion/potassium ion/calcium ion","","CaCA","The Ca2+:Cation Antiporter (CaCA) Family","Secondary Transporter","2.A.19"
"OSTLU_87097","sodium ion/calcium ion","","CaCA","The Ca2+:Cation Antiporter (CaCA) Family","Secondary Transporter","2.A.19"
"OSTLU_94245","sodium ion/potassium ion/calcium ion","","CaCA","The Ca2+:Cation Antiporter (CaCA) Family","Secondary Transporter","2.A.19"
"OSTLU_33926","cation efflux","","CDF","The Cation Diffusion Facilitator (CDF) Family","Secondary Transporter","2.A.4"
"OSTLU_39741","cation efflux","","CDF","The Cation Diffusion Facilitator (CDF) Family","Secondary Transporter","2.A.4"
"OSTLU_89366","chromate ion","","CHR","The Chromate Ion Transporter (CHR) Family","Secondary Transporter","2.A.51"
"OSTLU_14344","chloride ion channel","","ClC","The Chloride Carrier/Channel (ClC) Family","Secondary Transporter","2.A.49"
"OSTLU_34455","chloride ion channel","","ClC","The Chloride Carrier/Channel (ClC) Family","Secondary Transporter","2.A.49"
"OSTLU_37468","chloride ion channel","","ClC","The Chloride Carrier/Channel (ClC) Family","Secondary Transporter","2.A.49"
"OSTLU_50496","chloride ion channel","","ClC","The Chloride Carrier/Channel (ClC) Family","Secondary Transporter","2.A.49"
"OSTLU_1871","sodium ion/proton","","CPA1","The Monovalent Cation:Proton Antiporter-1 (CPA1) Family","Secondary Transporter","2.A.36"
"OSTLU_2316","sodium ion/proton","","CPA1","The Monovalent Cation:Proton Antiporter-1 (CPA1) Family","Secondary Transporter","2.A.36"
"OSTLU_29184","sodium ion/proton","","CPA1","The Monovalent Cation:Proton Antiporter-1 (CPA1) Family","Secondary Transporter","2.A.36"
"OSTLU_40732","sodium ion/proton","","CPA1","The Monovalent Cation:Proton Antiporter-1 (CPA1) Family","Secondary Transporter","2.A.36"
"OSTLU_88925","sodium ion/proton","","CPA1","The Monovalent Cation:Proton Antiporter-1 (CPA1) Family","Secondary Transporter","2.A.36"
"OSTLU_119547","potassium ion efflux","","CPA2","The Monovalent Cation:Proton Antiporter-2 (CPA2) Family","Secondary Transporter","2.A.37"
"OSTLU_43431","potassium ion efflux","","CPA2","The Monovalent Cation:Proton Antiporter-2 (CPA2) Family","Secondary Transporter","2.A.37"
"OSTLU_51113","potassium ion efflux","","CPA2","The Monovalent Cation:Proton Antiporter-2 (CPA2) Family","Secondary Transporter","2.A.37"
"OSTLU_1343","sodium ion/sulfate","","DASS","The Divalent Anion:Na+ Symporter (DASS) Family","Secondary Transporter","2.A.47"
"OSTLU_28272","2-oxoglutarate/malate","","DASS","The Divalent Anion:Na+ Symporter (DASS) Family","Secondary Transporter","2.A.47"
"OSTLU_37045","2-oxoglutarate/malate","","DASS","The Divalent Anion:Na+ Symporter (DASS) Family","Secondary Transporter","2.A.47"
"OSTLU_39202","sodium ion/sulfate","","DASS","The Divalent Anion:Na+ Symporter (DASS) Family","Secondary Transporter","2.A.47"
"OSTLU_49439","2-oxoglutarate/malate","","DASS","The Divalent Anion:Na+ Symporter (DASS) Family","Secondary Transporter","2.A.47"
"OSTLU_14537","glucose-6-phosphate/phosphate","","DMT","The Drug/Metabolite Transporter (DMT) Superfamily","Secondary Transporter","2.A.7"
"OSTLU_15438","UDP-galactose?","","DMT","The Drug/Metabolite Transporter (DMT) Superfamily","Secondary Transporter","2.A.7"
"OSTLU_17672","drug/metabolite?","","DMT","The Drug/Metabolite Transporter (DMT) Superfamily","Secondary Transporter","2.A.7"
"OSTLU_18149","triose phosphate/phosphate","","DMT","The Drug/Metabolite Transporter (DMT) Superfamily","Secondary Transporter","2.A.7"
"OSTLU_18490","drug/metabolite?","","DMT","The Drug/Metabolite Transporter (DMT) Superfamily","Secondary Transporter","2.A.7"
"OSTLU_18795","GDP-mannose","","DMT","The Drug/Metabolite Transporter (DMT) Superfamily","Secondary Transporter","2.A.7"
"OSTLU_26318","drug/metabolite?","","DMT","The Drug/Metabolite Transporter (DMT) Superfamily","Secondary Transporter","2.A.7"
"OSTLU_27689","phosphate/phosphoenolpyruvate","","DMT","The Drug/Metabolite Transporter (DMT) Superfamily","Secondary Transporter","2.A.7"
"OSTLU_28664","drug/metabolite?","","DMT","The Drug/Metabolite Transporter (DMT) Superfamily","Secondary Transporter","2.A.7"
"OSTLU_29277","UDP-galactose/UDP-glucose","","DMT","The Drug/Metabolite Transporter (DMT) Superfamily","Secondary Transporter","2.A.7"
"OSTLU_29288","phosphate/phosphoenolpyruvate","","DMT","The Drug/Metabolite Transporter (DMT) Superfamily","Secondary Transporter","2.A.7"
"OSTLU_29480","phosphate/phosphoenolpyruvate","","DMT","The Drug/Metabolite Transporter (DMT) Superfamily","Secondary Transporter","2.A.7"
"OSTLU_32216","drug/metabolite?","","DMT","The Drug/Metabolite Transporter (DMT) Superfamily","Secondary Transporter","2.A.7"
"OSTLU_32754","phosphate/phosphoenolpyruvate","","DMT","The Drug/Metabolite Transporter (DMT) Superfamily","Secondary Transporter","2.A.7"
"OSTLU_33748","UDP-N-acetylglucosamine","","DMT","The Drug/Metabolite Transporter (DMT) Superfamily","Secondary Transporter","2.A.7"
"OSTLU_33750","GDP-mannose","","DMT","The Drug/Metabolite Transporter (DMT) Superfamily","Secondary Transporter","2.A.7"
"OSTLU_34640","phosphate/phosphoenolpyruvate","","DMT","The Drug/Metabolite Transporter (DMT) Superfamily","Secondary Transporter","2.A.7"
"OSTLU_34716","phosphate/phosphoenolpyruvate","","DMT","The Drug/Metabolite Transporter (DMT) Superfamily","Secondary Transporter","2.A.7"
"OSTLU_37524","UDP-galactose/UDP-glucose","","DMT","The Drug/Metabolite Transporter (DMT) Superfamily","Secondary Transporter","2.A.7"
"OSTLU_42112","nucleotide-sugar","","DMT","The Drug/Metabolite Transporter (DMT) Superfamily","Secondary Transporter","2.A.7"
"OSTLU_43912","UDP-galactose/UDP-glucose","","DMT","The Drug/Metabolite Transporter (DMT) Superfamily","Secondary Transporter","2.A.7"
"OSTLU_45749","UDP-galactose/UDP-glucose","","DMT","The Drug/Metabolite Transporter (DMT) Superfamily","Secondary Transporter","2.A.7"
"OSTLU_4751","phosphate/phosphoenolpyruvate","","DMT","The Drug/Metabolite Transporter (DMT) Superfamily","Secondary Transporter","2.A.7"
"OSTLU_4844","UDP-galactose","","DMT","The Drug/Metabolite Transporter (DMT) Superfamily","Secondary Transporter","2.A.7"
"OSTLU_4851","phosphate/phosphoenolpyruvate","","DMT","The Drug/Metabolite Transporter (DMT) Superfamily","Secondary Transporter","2.A.7"
"OSTLU_49558","UDP-glucuronic acid/UDP-N-acetylgalactosamine","","DMT","The Drug/Metabolite Transporter (DMT) Superfamily","Secondary Transporter","2.A.7"
"OSTLU_49715","glucose-6-phosphate/phosphate","","DMT","The Drug/Metabolite Transporter (DMT) Superfamily","Secondary Transporter","2.A.7"
"OSTLU_50402","CMP-sialic acid/UDP-N-acetylglucosamine","","DMT","The Drug/Metabolite Transporter (DMT) Superfamily","Secondary Transporter","2.A.7"
"OSTLU_5074","glucose-6-phosphate/phosphate","","DMT","The Drug/Metabolite Transporter (DMT) Superfamily","Secondary Transporter","2.A.7"
"OSTLU_51835","UDP-N-acetylglucosamine","","DMT","The Drug/Metabolite Transporter (DMT) Superfamily","Secondary Transporter","2.A.7"
"OSTLU_5328","drug/metabolite?","","DMT","The Drug/Metabolite Transporter (DMT) Superfamily","Secondary Transporter","2.A.7"
"OSTLU_5957","GDP-mannose","","DMT","The Drug/Metabolite Transporter (DMT) Superfamily","Secondary Transporter","2.A.7"
"OSTLU_87077","phosphate/phosphoenolpyruvate","","DMT","The Drug/Metabolite Transporter (DMT) Superfamily","Secondary Transporter","2.A.7"
"OSTLU_87739","UDP-galactose/UDP-glucose","","DMT","The Drug/Metabolite Transporter (DMT) Superfamily","Secondary Transporter","2.A.7"
"OSTLU_88914","Unclassified","","DMT","The Drug/Metabolite Transporter (DMT) Superfamily","Secondary Transporter","2.A.7"
"OSTLU_30361","drug/metabolite?","","DMT","The Drug/Metabolite Transporter (DMT) Superfamily","Secondary Transporter","2.A.7"
"OSTLU_36385","phosphate/phosphoenolpyruvate DMT","","DMT","The Drug/Metabolite Transporter (DMT) Superfamily","Secondary Transporter","2.A.7"
"OSTLU_29758","nucleoside","","ENT","The Equilibrative Nucleoside Transporter (ENT) Family","Secondary Transporter","2.A.57"
"OSTLU_12682","folate/pteridine?","","FBT","The Folate-Biopterin Transporter (FBT) Family","Secondary Transporter","2.A.71"
"OSTLU_32854","folate/pteridine","","FBT","The Folate-Biopterin Transporter (FBT) Family","Secondary Transporter","2.A.71"
"OSTLU_35682","folate/pteridine","","FBT","The Folate-Biopterin Transporter (FBT) Family","Secondary Transporter","2.A.71"
"OSTLU_25116","formate/nitrite","","FNT","The Formate-Nitrite Transporter (FNT) Family","Secondary Transporter","2.A.44"
"OSTLU_10137","tyrosine/tryptophan","","HAAAP","The Hydroxy/Aromatic Amino Acid Permease (HAAAP) Family","Secondary Transporter","2.A.42"
"OSTLU_42458","tyrosine","","HAAAP","The Hydroxy/Aromatic Amino Acid Permease (HAAAP) Family","Secondary Transporter","2.A.42"
"OSTLU_47852","tyrosine","","HAAAP","The Hydroxy/Aromatic Amino Acid Permease (HAAAP) Family","Secondary Transporter","2.A.42"
"OSTLU_13728","peroxisomal membrane protein","","MC","The Mitochondrial Carrier (MC) Family","Secondary Transporter","2.A.29"
"OSTLU_14154","uncoupling protein","","MC","The Mitochondrial Carrier (MC) Family","Secondary Transporter","2.A.29"
"OSTLU_15926","Unclassified","","MC","The Mitochondrial Carrier (MC) Family","Secondary Transporter","2.A.29"
"OSTLU_16237","succinate/fumarate?","","MC","The Mitochondrial Carrier (MC) Family","Secondary Transporter","2.A.29"
"OSTLU_16269","uncoupling protein","","MC","The Mitochondrial Carrier (MC) Family","Secondary Transporter","2.A.29"
"OSTLU_17060","ADP/ATP","","MC","The Mitochondrial Carrier (MC) Family","Secondary Transporter","2.A.29"
"OSTLU_17401","Unclassified","","MC","The Mitochondrial Carrier (MC) Family","Secondary Transporter","2.A.29"
"OSTLU_1898","aspartate/glutamate (Ca2+-activated)","","MC","The Mitochondrial Carrier (MC) Family","Secondary Transporter","2.A.29"
"OSTLU_24002","aspartate/glutamate (Ca2+-activated)","","MC","The Mitochondrial Carrier (MC) Family","Secondary Transporter","2.A.29"
"OSTLU_25107","dicarboxylate/tricarboxylate","","MC","The Mitochondrial Carrier (MC) Family","Secondary Transporter","2.A.29"
"OSTLU_25740","phosphate","","MC","The Mitochondrial Carrier (MC) Family","Secondary Transporter","2.A.29"
"OSTLU_26689","adenylate?","","MC","The Mitochondrial Carrier (MC) Family","Secondary Transporter","2.A.29"
"OSTLU_26925","phosphate","","MC","The Mitochondrial Carrier (MC) Family","Secondary Transporter","2.A.29"
"OSTLU_28180","Unclassified","","MC","The Mitochondrial Carrier (MC) Family","Secondary Transporter","2.A.29"
"OSTLU_28374","Unclassified","","MC","The Mitochondrial Carrier (MC) Family","Secondary Transporter","2.A.29"
"OSTLU_28989","aspartate/glutamate?","","MC","The Mitochondrial Carrier (MC) Family","Secondary Transporter","2.A.29"
"OSTLU_29018","uncoupling protein","","MC","The Mitochondrial Carrier (MC) Family","Secondary Transporter","2.A.29"
"OSTLU_30460","Unclassified","","MC","The Mitochondrial Carrier (MC) Family","Secondary Transporter","2.A.29"
"OSTLU_30578","carnitine/acylcarnitine","","MC","The Mitochondrial Carrier (MC) Family","Secondary Transporter","2.A.29"
"OSTLU_33920","adenylate (Brittle-1 protein)","","MC","The Mitochondrial Carrier (MC) Family","Secondary Transporter","2.A.29"
"OSTLU_34060","aspartate/glutamate (Ca2+-activated)?","","MC","The Mitochondrial Carrier (MC) Family","Secondary Transporter","2.A.29"
"OSTLU_34271","oxaloacetate?","","MC","The Mitochondrial Carrier (MC) Family","Secondary Transporter","2.A.29"
"OSTLU_36045","carnitine/acylcarnitine","","MC","The Mitochondrial Carrier (MC) Family","Secondary Transporter","2.A.29"
"OSTLU_37703","Unclassified","","MC","The Mitochondrial Carrier (MC) Family","Secondary Transporter","2.A.29"
"OSTLU_38298","Unclassified","","MC","The Mitochondrial Carrier (MC) Family","Secondary Transporter","2.A.29"
"OSTLU_39985","aspartate/glutamate","","MC","The Mitochondrial Carrier (MC) Family","Secondary Transporter","2.A.29"
"OSTLU_40647","Unclassified","","MC","The Mitochondrial Carrier (MC) Family","Secondary Transporter","2.A.29"
"OSTLU_43906","peroxisomal membrane protein","","MC","The Mitochondrial Carrier (MC) Family","Secondary Transporter","2.A.29"
"OSTLU_44261","folate?","","MC","The Mitochondrial Carrier (MC) Family","Secondary Transporter","2.A.29"
"OSTLU_44281","2-oxodicarboxylate","","MC","The Mitochondrial Carrier (MC) Family","Secondary Transporter","2.A.29"
"OSTLU_4792","Unclassified","","MC","The Mitochondrial Carrier (MC) Family","Secondary Transporter","2.A.29"
"OSTLU_5273","deoxynucleotide","","MC","The Mitochondrial Carrier (MC) Family","Secondary Transporter","2.A.29"
"OSTLU_5951","aspartate/glutamate (Ca2+-activated)?","","MC","The Mitochondrial Carrier (MC) Family","Secondary Transporter","2.A.29"
"OSTLU_5965","Graves disease carrier protein (GDC) homolog","","MC","The Mitochondrial Carrier (MC) Family","Secondary Transporter","2.A.29"
"OSTLU_5982","uncoupling protein homolog","","MC","The Mitochondrial Carrier (MC) Family","Secondary Transporter","2.A.29"
"OSTLU_6022","folate","","MC","The Mitochondrial Carrier (MC) Family","Secondary Transporter","2.A.29"
"OSTLU_88251","Unclassified","","MC","The Mitochondrial Carrier (MC) Family","Secondary Transporter","2.A.29"
"OSTLU_88774","succinate/fumarate?","","MC","The Mitochondrial Carrier (MC) Family","Secondary Transporter","2.A.29"
"OSTLU_89833","Unclassified","","MC","The Mitochondrial Carrier (MC) Family","Secondary Transporter","2.A.29"
"OSTLU_92055","carnitine/acylcarnitine","","MC","The Mitochondrial Carrier (MC) Family","Secondary Transporter","2.A.29"
"OSTLU_92084","Unclassified","","MC","The Mitochondrial Carrier (MC) Family","Secondary Transporter","2.A.29"
"OSTLU_13668","acetyl-CoA","","MFS","The Major Facilitator Superfamily (MFS)","Secondary Transporter","2.A.1"
"OSTLU_2301","organic cation","","MFS","The Major Facilitator Superfamily (MFS)","Secondary Transporter","2.A.1"
"OSTLU_26062","nitrate","","MFS","The Major Facilitator Superfamily (MFS)","Secondary Transporter","2.A.1"
"OSTLU_27075","phosphate","","MFS","The Major Facilitator Superfamily (MFS)","Secondary Transporter","2.A.1"
"OSTLU_28563","sugar","","MFS","The Major Facilitator Superfamily (MFS)","Secondary Transporter","2.A.1"
"OSTLU_2917","Unclassified","","MFS","The Major Facilitator Superfamily (MFS)","Secondary Transporter","2.A.1"
"OSTLU_2927","sugar","","MFS","The Major Facilitator Superfamily (MFS)","Secondary Transporter","2.A.1"
"OSTLU_29537","glycerol-3-phosphate","","MFS","The Major Facilitator Superfamily (MFS)","Secondary Transporter","2.A.1"
"OSTLU_30179","hexose phosphate","","MFS","The Major Facilitator Superfamily (MFS)","Secondary Transporter","2.A.1"
"OSTLU_30287","multidrug efflux","","MFS","The Major Facilitator Superfamily (MFS)","Secondary Transporter","2.A.1"
"OSTLU_30357","sugar","","MFS","The Major Facilitator Superfamily (MFS)","Secondary Transporter","2.A.1"
"OSTLU_31082","glycerol-3-phosphate","","MFS","The Major Facilitator Superfamily (MFS)","Secondary Transporter","2.A.1"
"OSTLU_31805","oxalate/formate","","MFS","The Major Facilitator Superfamily (MFS)","Secondary Transporter","2.A.1"
"OSTLU_32319","metabolite?","","MFS","The Major Facilitator Superfamily (MFS)","Secondary Transporter","2.A.1"
"OSTLU_3240","hexose","","MFS","The Major Facilitator Superfamily (MFS)","Secondary Transporter","2.A.1"
"OSTLU_32666","Unclassified","","MFS","The Major Facilitator Superfamily (MFS)","Secondary Transporter","2.A.1"
"OSTLU_32694","Unclassified","","MFS","The Major Facilitator Superfamily (MFS)","Secondary Transporter","2.A.1"
"OSTLU_43281","metabolite/sugar?","","MFS","The Major Facilitator Superfamily (MFS)","Secondary Transporter","2.A.1"
"OSTLU_34203","sugar (galactose/glucose?)","","MFS","The Major Facilitator Superfamily (MFS)","Secondary Transporter","2.A.1"
"OSTLU_35010","hexose","","MFS","The Major Facilitator Superfamily (MFS)","Secondary Transporter","2.A.1"
"OSTLU_37881","phosphate/sugar","","MFS","The Major Facilitator Superfamily (MFS)","Secondary Transporter","2.A.1"
"OSTLU_38010","sugar?","","MFS","The Major Facilitator Superfamily (MFS)","Secondary Transporter","2.A.1"
"OSTLU_38823","phosphate/sugar","","MFS","The Major Facilitator Superfamily (MFS)","Secondary Transporter","2.A.1"
"OSTLU_41151","sugar","","MFS","The Major Facilitator Superfamily (MFS)","Secondary Transporter","2.A.1"
"OSTLU_42838","Unclassified","","MFS","The Major Facilitator Superfamily (MFS)","Secondary Transporter","2.A.1"
"OSTLU_43234","sugar","","MFS","The Major Facilitator Superfamily (MFS)","Secondary Transporter","2.A.1"
"OSTLU_49086","sugar (sialic acid?)","","MFS","The Major Facilitator Superfamily (MFS)","Secondary Transporter","2.A.1"
"OSTLU_52000","hexose","","MFS","The Major Facilitator Superfamily (MFS)","Secondary Transporter","2.A.1"
"OSTLU_86082","Unclassified","","MFS","The Major Facilitator Superfamily (MFS)","Secondary Transporter","2.A.1"
"OSTLU_87422","multidrug efflux","","MFS","The Major Facilitator Superfamily (MFS)","Secondary Transporter","2.A.1"
"OSTLU_93385","multidrug efflux?","","MFS","The Major Facilitator Superfamily (MFS)","Secondary Transporter","2.A.1"
"OSTLU_94272","phosphate","","MFS","The Major Facilitator Superfamily (MFS)","Secondary Transporter","2.A.1"
"OSTLU_94723","glycerol-3-phosphate","","MFS","The Major Facilitator Superfamily (MFS)","Secondary Transporter","2.A.1"
"OSTLU_26048","multidrug efflux","","MFS","The Major Facilitator Superfamily (MFS)","Secondary Transporter","2.A.1"
"OSTLU_26513","multidrug efflux","","MFS","The Major Facilitator Superfamily (MFS)","Secondary Transporter","2.A.1"
"OSTLU_31857","multidrug efflux","","MFS","The Major Facilitator Superfamily (MFS)","Secondary Transporter","2.A.1"
"OSTLU_16054","multidrug efflux","MATE","MOP","The Multidrug/Oligosaccharidyl-lipid/Polysaccharide (MOP) Flippase Superfamily","Secondary Transporter","2.A.66"
"OSTLU_16871","multidrug efflux","MATE","MOP","The Multidrug/Oligosaccharidyl-lipid/Polysaccharide (MOP) Flippase Superfamily","Secondary Transporter","2.A.66"
"OSTLU_27967","multidrug efflux","MATE","MOP","The Multidrug/Oligosaccharidyl-lipid/Polysaccharide (MOP) Flippase Superfamily","Secondary Transporter","2.A.66"
"OSTLU_28091","Unclassified","MATE","MOP","The Multidrug/Oligosaccharidyl-lipid/Polysaccharide (MOP) Flippase Superfamily","Secondary Transporter","2.A.66"
"OSTLU_28350","multidrug efflux","MATE","MOP","The Multidrug/Oligosaccharidyl-lipid/Polysaccharide (MOP) Flippase Superfamily","Secondary Transporter","2.A.66"
"OSTLU_2943","multidrug efflux?","MATE","MOP","The Multidrug/Oligosaccharidyl-lipid/Polysaccharide (MOP) Flippase Superfamily","Secondary Transporter","2.A.66"
"OSTLU_30385","multidrug efflux","MATE","MOP","The Multidrug/Oligosaccharidyl-lipid/Polysaccharide (MOP) Flippase Superfamily","Secondary Transporter","2.A.66"
"OSTLU_31014","multidrug efflux","MATE","MOP","The Multidrug/Oligosaccharidyl-lipid/Polysaccharide (MOP) Flippase Superfamily","Secondary Transporter","2.A.66"
"OSTLU_31926","multidrug efflux","MATE","MOP","The Multidrug/Oligosaccharidyl-lipid/Polysaccharide (MOP) Flippase Superfamily","Secondary Transporter","2.A.66"
"OSTLU_3441","multidrug efflux","MATE","MOP","The Multidrug/Oligosaccharidyl-lipid/Polysaccharide (MOP) Flippase Superfamily","Secondary Transporter","2.A.66"
"OSTLU_47105","multidrug efflux","MATE","MOP","The Multidrug/Oligosaccharidyl-lipid/Polysaccharide (MOP) Flippase Superfamily","Secondary Transporter","2.A.66"
"OSTLU_87197","multidrug efflux","MATE","MOP","The Multidrug/Oligosaccharidyl-lipid/Polysaccharide (MOP) Flippase Superfamily","Secondary Transporter","2.A.66"
"OSTLU_49824","cytosine/purines/uracil/thiamine/allantoin","","NCS1","The Nucleobase:Cation Symporter-1 (NCS1) Family","Secondary Transporter","2.A.39"
"OSTLU_4221","sodium ion/proton","","NhaA","The NhaA Na+:H+ Antiporter (NhaA) Family","Secondary Transporter","2.A.33"
"OSTLU_27426","nickel ion","","NiCoT","The Ni2+-Co2+ Transporter (NiCoT) Family","Secondary Transporter","2.A.52"
"OSTLU_27409","metal ion","","Nramp","The Metal Ion (Mn2+-iron) Transporter (Nramp) Family","Secondary Transporter","2.A.55"
"OSTLU_3329","60 KD inner membrane protein OxaA homolog","","Oxa1","The Cytochrome Oxidase Biogenesis (Oxa1) Family","Secondary Transporter","2.A.9"
"OSTLU_3334","60 KD inner membrane protein OxaA homolog","","Oxa1","The Cytochrome Oxidase Biogenesis (Oxa1) Family","Secondary Transporter","2.A.9"
"OSTLU_40894","60 KD inner membrane protein OxaA homolog","","Oxa1","The Cytochrome Oxidase Biogenesis (Oxa1) Family","Secondary Transporter","2.A.9"
"OSTLU_93298","inner membrane ALBINO3 chloroplast","","Oxa1","The Cytochrome Oxidase Biogenesis (Oxa1) Family","Secondary Transporter","2.A.9"
"OSTLU_119536","phosphate","","PiT","The Inorganic Phosphate Transporter (PiT) Family","Secondary Transporter","2.A.20"
"OSTLU_42057","phosphate","","PiT","The Inorganic Phosphate Transporter (PiT) Family","Secondary Transporter","2.A.20"
"OSTLU_50811","dipeptide/tripeptide:proton","","POT","The Proton-dependent Oligopeptide Transporter (POT) Family","Secondary Transporter","2.A.17"
"OSTLU_27841","Niemann-Pick type C1 disease protein homolog","","RND","The Resistance-Nodulation-Cell Division (RND) Superfamily","Secondary Transporter","2.A.6"
"OSTLU_29594","Patched (Ptc) segmentation polarity protein","","RND","The Resistance-Nodulation-Cell Division (RND) Superfamily","Secondary Transporter","2.A.6"
"OSTLU_33000","Dispatched segment polarity protein (cholesterol release)","","RND","The Resistance-Nodulation-Cell Division (RND) Superfamily","Secondary Transporter","2.A.6"
"OSTLU_24399","sodium ion/solute","","SSS","The Solute:Sodium Symporter (SSS) Family","Secondary Transporter","2.A.21"
"OSTLU_26754","sodium ion/pantothenate","","SSS","The Solute:Sodium Symporter (SSS) Family","Secondary Transporter","2.A.21"
"OSTLU_119678","urea","","SSS","The Solute:Sodium Symporter (SSS) Family","Secondary Transporter","2.A.21"
"OSTLU_32829","sulfate","","SulP","The Sulfate Permease (SulP) Family","Secondary Transporter","2.A.53"
"OSTLU_50753","sulfate","","SulP","The Sulfate Permease (SulP) Family","Secondary Transporter","2.A.53"
"OSTLU_10686","&#916;pH-dependent thylakoid protein export into thylakoid (chloroplast Tha4 homolog)","","Tat","The Twin Arginine Targeting (Tat) Family","Secondary Transporter","2.A.64"
"OSTLU_43950","protein export TatC","","Tat","The Twin Arginine Targeting (Tat) Family","Secondary Transporter","2.A.64"
"OSTLU_9857","protein export (chloroplast membrane protein HCF106C)","","Tat","The Twin Arginine Targeting (Tat) Family","Secondary Transporter","2.A.64"
"OSTLU_27890","zinc ion","","ZIP","The Zinc (Zn2+)-Iron (Fe2+) Permease (ZIP) Family","Secondary Transporter","2.A.5"
"OSTLU_12811","zinc ion","","ZIP","The Zinc (Zn2+)-Iron (Fe2+) Permease (ZIP) Family","Secondary Transporter","2.A.5"
"OSTLU_18031","zinc ion","","ZIP","The Zinc (Zn2+)-Iron (Fe2+) Permease (ZIP) Family","Secondary Transporter","2.A.5"
"OSTLU_29694","zinc ion","","ZIP","The Zinc (Zn2+)-Iron (Fe2+) Permease (ZIP) Family","Secondary Transporter","2.A.5"
"OSTLU_42358","zinc ion","","ZIP","The Zinc (Zn2+)-Iron (Fe2+) Permease (ZIP) Family","Secondary Transporter","2.A.5"
"OSTLU_86026","zinc ion","","ZIP","The Zinc (Zn2+)-Iron (Fe2+) Permease (ZIP) Family","Secondary Transporter","2.A.5"
"OSTLU_89316","zinc ion","","ZIP","The Zinc (Zn2+)-Iron (Fe2+) Permease (ZIP) Family","Secondary Transporter","2.A.5"
"OSTLU_10028","long-chain fatty acid (ALDP homolog)","ABCD","ABC","The ATP-binding Cassette (ABC) Superfamily","ATP-Dependent","3.A.1"
"OSTLU_10071","? (Uup homolog/duplicated ATPase)","ABC","ABC","The ATP-binding Cassette (ABC) Superfamily","ATP-Dependent","3.A.1"
"OSTLU_16322","? (Fe-S assembly/SufBCD system)","membrane","ABC","The ATP-binding Cassette (ABC) Superfamily","ATP-Dependent","3.A.1"
"OSTLU_10147","? (Fe-S assembly/SufBCD system)","membrane","ABC","The ATP-binding Cassette (ABC) Superfamily","ATP-Dependent","3.A.1"
"OSTLU_14765","? (Fe-S assembly/SufBCD system)","ABC","ABC","The ATP-binding Cassette (ABC) Superfamily","ATP-Dependent","3.A.1"
"OSTLU_13171","mitochondrial ATM1 homolog (ABCB)","ABCB","ABC","The ATP-binding Cassette (ABC) Superfamily","ATP-Dependent","3.A.1"
"OSTLU_1441","multidrug","ABCG","ABC","The ATP-binding Cassette (ABC) Superfamily","ATP-Dependent","3.A.1"
"OSTLU_1450","multidrug","ABCG","ABC","The ATP-binding Cassette (ABC) Superfamily","ATP-Dependent","3.A.1"
"OSTLU_14894","White protein homolog (ABCG)","ABCG","ABC","The ATP-binding Cassette (ABC) Superfamily","ATP-Dependent","3.A.1"
"OSTLU_16468","toluene tolerance","ABC","ABC","The ATP-binding Cassette (ABC) Superfamily","ATP-Dependent","3.A.1"
"OSTLU_26876","toluene tolerance","membrane","ABC","The ATP-binding Cassette (ABC) Superfamily","ATP-Dependent","3.A.1"
"OSTLU_28311","polyamine","binding protein","ABC","The ATP-binding Cassette (ABC) Superfamily","ATP-Dependent","3.A.1"
"OSTLU_28662","mitochondrial homolog (ABCB)","ABCB","ABC","The ATP-binding Cassette (ABC) Superfamily","ATP-Dependent","3.A.1"
"OSTLU_29639","Unclassified","ABC","ABC","The ATP-binding Cassette (ABC) Superfamily","ATP-Dependent","3.A.1"
"OSTLU_30493","? (Uup homolog/duplicated ATPase)","ABC","ABC","The ATP-binding Cassette (ABC) Superfamily","ATP-Dependent","3.A.1"
"OSTLU_32172","phosphate","binding protein","ABC","The ATP-binding Cassette (ABC) Superfamily","ATP-Dependent","3.A.1"
"OSTLU_41320","phosphate","binding protein","ABC","The ATP-binding Cassette (ABC) Superfamily","ATP-Dependent","3.A.1"
"OSTLU_35308","pleiotropic drug","ABCG","ABC","The ATP-binding Cassette (ABC) Superfamily","ATP-Dependent","3.A.1"
"OSTLU_35503","multispecific organic anion/multidrug (ABCC)","ABCC","ABC","The ATP-binding Cassette (ABC) Superfamily","ATP-Dependent","3.A.1"
"OSTLU_35596","iron compound","binding protein","ABC","The ATP-binding Cassette (ABC) Superfamily","ATP-Dependent","3.A.1"
"OSTLU_36765","iron compound","ABC","ABC","The ATP-binding Cassette (ABC) Superfamily","ATP-Dependent","3.A.1"
"OSTLU_36892","multidrug? (ABCG)","ABCG","ABC","The ATP-binding Cassette (ABC) Superfamily","ATP-Dependent","3.A.1"
"OSTLU_38326","multidrug","ABCG","ABC","The ATP-binding Cassette (ABC) Superfamily","ATP-Dependent","3.A.1"
"OSTLU_39403","White protein homolog (ABCG)?","ABCG","ABC","The ATP-binding Cassette (ABC) Superfamily","ATP-Dependent","3.A.1"
"OSTLU_40034","Unclassified","ABC","ABC","The ATP-binding Cassette (ABC) Superfamily","ATP-Dependent","3.A.1"
"OSTLU_42103","Unclassified","ABC","ABC","The ATP-binding Cassette (ABC) Superfamily","ATP-Dependent","3.A.1"
"OSTLU_42695","Unclassified","ABC","ABC","The ATP-binding Cassette (ABC) Superfamily","ATP-Dependent","3.A.1"
"OSTLU_43996","long-chain fatty acid (ALDP homolog)","ABCD","ABC","The ATP-binding Cassette (ABC) Superfamily","ATP-Dependent","3.A.1"
"OSTLU_46540","? (Uup homolog/duplicated ATPase)","ABC","ABC","The ATP-binding Cassette (ABC) Superfamily","ATP-Dependent","3.A.1"
"OSTLU_48483","multidrug (P-glycoprotein homolog) (ABCB)","ABCB","ABC","The ATP-binding Cassette (ABC) Superfamily","ATP-Dependent","3.A.1"
"OSTLU_6635","cobalt ion","ABC","ABC","The ATP-binding Cassette (ABC) Superfamily","ATP-Dependent","3.A.1"
"OSTLU_6452","cobalt ion","ABC","ABC","The ATP-binding Cassette (ABC) Superfamily","ATP-Dependent","3.A.1"
"OSTLU_4931","cobalt ion","membrane","ABC","The ATP-binding Cassette (ABC) Superfamily","ATP-Dependent","3.A.1"
"OSTLU_49454","Unclassified","ABC","ABC","The ATP-binding Cassette (ABC) Superfamily","ATP-Dependent","3.A.1"
"OSTLU_49993","multidrug (P-glycoprotein homolog) (ABCB)","ABCB","ABC","The ATP-binding Cassette (ABC) Superfamily","ATP-Dependent","3.A.1"
"OSTLU_50812","mitochondrial ATM1 homolog (ABCB)","ABCB","ABC","The ATP-binding Cassette (ABC) Superfamily","ATP-Dependent","3.A.1"
"OSTLU_88422","White protein homolog (ABCG)","ABCG","ABC","The ATP-binding Cassette (ABC) Superfamily","ATP-Dependent","3.A.1"
"OSTLU_94849","multidrug?","ABCG","ABC","The ATP-binding Cassette (ABC) Superfamily","ATP-Dependent","3.A.1"
"OSTLU_992","White protein homolog (ABCG)","ABCG","ABC","The ATP-binding Cassette (ABC) Superfamily","ATP-Dependent","3.A.1"
"OSTLU_38932","Unclassified","ABC","ABC","The ATP-binding Cassette (ABC) Superfamily","ATP-Dependent","3.A.1"
"OSTLU_12872","arsenite (ArsA)","","ArsAB","The Arsenite-Antimonite (ArsAB) Efflux Family","ATP-Dependent","3.A.4"
"OSTLU_119590","protons (mitochondrial)","","F-ATPase","The H+- or Na+-translocating F-type, V-type and A-type ATPase (F-ATPase) Superfamily","ATP-Dependent","3.A.2"
"OSTLU_32630","protons (mitochondrial)","","F-ATPase","The H+- or Na+-translocating F-type, V-type and A-type ATPase (F-ATPase) Superfamily","ATP-Dependent","3.A.2"
"OSTLU_35127","protons (mitochondrial)","","F-ATPase","The H+- or Na+-translocating F-type, V-type and A-type ATPase (F-ATPase) Superfamily","ATP-Dependent","3.A.2"
"OSTLU_29009","protons (mitochondrial)","","F-ATPase","The H+- or Na+-translocating F-type, V-type and A-type ATPase (F-ATPase) Superfamily","ATP-Dependent","3.A.2"
"OSTLU_30441","protons (mitochondrial)","","F-ATPase","The H+- or Na+-translocating F-type, V-type and A-type ATPase (F-ATPase) Superfamily","ATP-Dependent","3.A.2"
"OSTLU_13609","protons (mitochondrial)","","F-ATPase","The H+- or Na+-translocating F-type, V-type and A-type ATPase (F-ATPase) Superfamily","ATP-Dependent","3.A.2"
"OSTLU_31663","protons (mitochondrial)","","F-ATPase","The H+- or Na+-translocating F-type, V-type and A-type ATPase (F-ATPase) Superfamily","ATP-Dependent","3.A.2"
"OSTLU_87859","protons (vacuolar)","","F-ATPase","The H+- or Na+-translocating F-type, V-type and A-type ATPase (F-ATPase) Superfamily","ATP-Dependent","3.A.2"
"OSTLU_88387","protons (vacuolar)","","F-ATPase","The H+- or Na+-translocating F-type, V-type and A-type ATPase (F-ATPase) Superfamily","ATP-Dependent","3.A.2"
"OSTLU_119546","protons (vacuolar)","","F-ATPase","The H+- or Na+-translocating F-type, V-type and A-type ATPase (F-ATPase) Superfamily","ATP-Dependent","3.A.2"
"OSTLU_88668","protons (vacuolar)","","F-ATPase","The H+- or Na+-translocating F-type, V-type and A-type ATPase (F-ATPase) Superfamily","ATP-Dependent","3.A.2"
"OSTLU_119494","protons (vacuolar)","","F-ATPase","The H+- or Na+-translocating F-type, V-type and A-type ATPase (F-ATPase) Superfamily","ATP-Dependent","3.A.2"
"OSTLU_35397","protons (vacuolar)","","F-ATPase","The H+- or Na+-translocating F-type, V-type and A-type ATPase (F-ATPase) Superfamily","ATP-Dependent","3.A.2"
"OSTLU_9572","protons (vacuolar)","","F-ATPase","The H+- or Na+-translocating F-type, V-type and A-type ATPase (F-ATPase) Superfamily","ATP-Dependent","3.A.2"
"OSTLU_46292","protons (vacuolar)","","F-ATPase","The H+- or Na+-translocating F-type, V-type and A-type ATPase (F-ATPase) Superfamily","ATP-Dependent","3.A.2"
"OSTLU_13768","protons (vacuolar)","","F-ATPase","The H+- or Na+-translocating F-type, V-type and A-type ATPase (F-ATPase) Superfamily","ATP-Dependent","3.A.2"
"OSTLU_50597","protons (vacuolar)","","F-ATPase","The H+- or Na+-translocating F-type, V-type and A-type ATPase (F-ATPase) Superfamily","ATP-Dependent","3.A.2"
"OSTLU_15055","protons (vacuolar)","","F-ATPase","The H+- or Na+-translocating F-type, V-type and A-type ATPase (F-ATPase) Superfamily","ATP-Dependent","3.A.2"
"OSTLU_7408","protons (vacuolar)","","F-ATPase","The H+- or Na+-translocating F-type, V-type and A-type ATPase (F-ATPase) Superfamily","ATP-Dependent","3.A.2"
"OSTLU_32674","protons (vacuolar)","","F-ATPase","The H+- or Na+-translocating F-type, V-type and A-type ATPase (F-ATPase) Superfamily","ATP-Dependent","3.A.2"
"OSTLU_14631","protons (vacuolar)","","F-ATPase","The H+- or Na+-translocating F-type, V-type and A-type ATPase (F-ATPase) Superfamily","ATP-Dependent","3.A.2"
"OSTLU_24766","protons (chloroplast)","","F-ATPase","The H+- or Na+-translocating F-type, V-type and A-type ATPase (F-ATPase) Superfamily","ATP-Dependent","3.A.2"
"OSTLU_32540","protons (chloroplast)","","F-ATPase","The H+- or Na+-translocating F-type, V-type and A-type ATPase (F-ATPase) Superfamily","ATP-Dependent","3.A.2"
"OSTLU_31307","proton","","H+-PPase","The H+-translocating Pyrophosphatase (H+-PPase) Family","ATP-Dependent","3.A.10"
"OSTLU_39838","proton","","H+-PPase","The H+-translocating Pyrophosphatase (H+-PPase) Family","ATP-Dependent","3.A.10"
"OSTLU_48479","proton","","H+-PPase","The H+-translocating Pyrophosphatase (H+-PPase) Family","ATP-Dependent","3.A.10"
"OSTLU_26018","Signal recognition particle 54 kDa protein (SRP54)","","IISP","The Type II (General) Secretory Pathway (IISP) Family","ATP-Dependent","3.A.5"
"OSTLU_27583","protein transport protein Sec61 alpha subunit","","IISP","The Type II (General) Secretory Pathway (IISP) Family","ATP-Dependent","3.A.5"
"OSTLU_33834","Translocation protein SEC63 homolog","","IISP","The Type II (General) Secretory Pathway (IISP) Family","ATP-Dependent","3.A.5"
"OSTLU_119580","signal recognition particle receptor alpha subunit","","IISP","The Type II (General) Secretory Pathway (IISP) Family","ATP-Dependent","3.A.5"
"OSTLU_39979","signal recognition particle protein (SRP54)","","IISP","The Type II (General) Secretory Pathway (IISP) Family","ATP-Dependent","3.A.5"
"OSTLU_4604","SRP receptor alpha-chain homolog FtsY","","IISP","The Type II (General) Secretory Pathway (IISP) Family","ATP-Dependent","3.A.5"
"OSTLU_15058","preprotein translocase SecY subunit","","IISP","The Type II (General) Secretory Pathway (IISP) Family","ATP-Dependent","3.A.5"
"OSTLU_33175","preprotein translocase SecY subunit","","IISP","The Type II (General) Secretory Pathway (IISP) Family","ATP-Dependent","3.A.5"
"OSTLU_13482","inner membrane translocase (import) Tim9","","MPT","The Mitochondrial Protein Translocase (MPT) Family","ATP-Dependent","3.A.8"
"OSTLU_33906","inner membrane translocase (import) Tim10","","MPT","The Mitochondrial Protein Translocase (MPT) Family","ATP-Dependent","3.A.8"
"OSTLU_34411","inner membrane translocase (import) Tim50","","MPT","The Mitochondrial Protein Translocase (MPT) Family","ATP-Dependent","3.A.8"
"OSTLU_34552","outer membrane translocase (import) Tom40","","MPT","The Mitochondrial Protein Translocase (MPT) Family","ATP-Dependent","3.A.8"
"OSTLU_39800","inner membrane translocase (import) Tim13","","MPT","The Mitochondrial Protein Translocase (MPT) Family","ATP-Dependent","3.A.8"
"OSTLU_42709","inner membrane translocase (import) Tim8","","MPT","The Mitochondrial Protein Translocase (MPT) Family","ATP-Dependent","3.A.8"
"OSTLU_7704","inner membrane translocase (import) Tim17","","MPT","The Mitochondrial Protein Translocase (MPT) Family","ATP-Dependent","3.A.8"
"OSTLU_7965","inner membrane translocase (import) Tim23","","MPT","The Mitochondrial Protein Translocase (MPT) Family","ATP-Dependent","3.A.8"
"OSTLU_94294","inner membrane translocase (import) Tim22","","MPT","The Mitochondrial Protein Translocase (MPT) Family","ATP-Dependent","3.A.8"
"OSTLU_94921","inner membrane translocase (import) Tim44","","MPT","The Mitochondrial Protein Translocase (MPT) Family","ATP-Dependent","3.A.8"
"OSTLU_29100","inner membrane translocase (import) Tim22","","MPT","The Mitochondrial Protein Translocase (MPT) Family","ATP-Dependent","3.A.8"
"OSTLU_1206","zinc/lead/cadmium/mercury ion","","P-ATPase","The P-type ATPase (P-ATPase) Superfamily","ATP-Dependent","3.A.3"
"OSTLU_13063","copper ion","","P-ATPase","The P-type ATPase (P-ATPase) Superfamily","ATP-Dependent","3.A.3"
"OSTLU_14777","calcium ion","","P-ATPase","The P-type ATPase (P-ATPase) Superfamily","ATP-Dependent","3.A.3"
"OSTLU_164","calcium ion","","P-ATPase","The P-type ATPase (P-ATPase) Superfamily","ATP-Dependent","3.A.3"
"OSTLU_203","copper ion","","P-ATPase","The P-type ATPase (P-ATPase) Superfamily","ATP-Dependent","3.A.3"
"OSTLU_29095","calcium ion","","P-ATPase","The P-type ATPase (P-ATPase) Superfamily","ATP-Dependent","3.A.3"
"OSTLU_40728","calcium ion","","P-ATPase","The P-type ATPase (P-ATPase) Superfamily","ATP-Dependent","3.A.3"
"OSTLU_41354","proton","","P-ATPase","The P-type ATPase (P-ATPase) Superfamily","ATP-Dependent","3.A.3"
"OSTLU_42210","proton","","P-ATPase","The P-type ATPase (P-ATPase) Superfamily","ATP-Dependent","3.A.3"
"OSTLU_48492","sodium/potassium ion","","P-ATPase","The P-type ATPase (P-ATPase) Superfamily","ATP-Dependent","3.A.3"
"OSTLU_49740","phospholipid","","P-ATPase","The P-type ATPase (P-ATPase) Superfamily","ATP-Dependent","3.A.3"
"OSTLU_199","cation","","P-ATPase","The P-type ATPase (P-ATPase) Superfamily","ATP-Dependent","3.A.3"
"OSTLU_611","copper ion","","P-ATPase","The P-type ATPase (P-ATPase) Superfamily","ATP-Dependent","3.A.3"
"OSTLU_28535","ammonium","","Amt","The Ammonia Transporter Channel (Amt) Family","Ion Channels","1.A.11"
"OSTLU_31514","ammonium","","Amt","The Ammonia Transporter Channel (Amt) Family","Ion Channels","1.A.11"
"OSTLU_32601","ammonium","","Amt","The Ammonia Transporter Channel (Amt) Family","Ion Channels","1.A.11"
"OSTLU_45928","ammonium","","Amt","The Ammonia Transporter Channel (Amt) Family","Ion Channels","1.A.11"
"OSTLU_6061","Annexin A13","","Annexin","The Annexin (Annexin) Family","Ion Channels","1.A.31"
"OSTLU_31321","copper ion","","Ctr","The Copper Transporter (Ctr) Family","Ion Channels","1.A.56"
"OSTLU_93353","chloride ion current inducer protein I(Cln)","","ICln","The Nucleotide-sensitive Anion-selective Channel, ICln (ICln) Family","Ion Channels","1.A.47"
"OSTLU_25291","water channel","","MIP","The Major Intrinsic Protein (MIP) Family","Ion Channels","1.A.8"
"OSTLU_32899","magnesium/cobalt ion","","MIT","The CorA Metal Ion Transporter (MIT) Family","Ion Channels","1.A.35"
"OSTLU_40656","magnesium ion","","MIT","The CorA Metal Ion Transporter (MIT) Family","Ion Channels","1.A.35"
"OSTLU_29320","small-conductance mechanosensitive ion channel","","MscS","The Small Conductance Mechanosensitive Ion Channel (MscS) Family","Ion Channels","1.A.23"
"OSTLU_30945","small-conductance mechanosensitive ion channel","","MscS","The Small Conductance Mechanosensitive Ion Channel (MscS) Family","Ion Channels","1.A.23"
"OSTLU_31666","small-conductance mechanosensitive ion channel","","MscS","The Small Conductance Mechanosensitive Ion Channel (MscS) Family","Ion Channels","1.A.23"
"OSTLU_87529","translocation proteinSec62","","NSCC2","The Non-selective Cation Channel-2 (NSCC2) Family","Ion Channels","1.A.15"
"OSTLU_46066","chloroplast inner envelope protein Tic110","","Tic110","The Chloroplast Envelope Anion Channel-forming Tic110 (Tic110) Family","Ion Channels","1.A.18"
"OSTLU_13647","calcium ion channel","","VIC","The Voltage-gated Ion Channel (VIC) Superfamily","Ion Channels","1.A.1"
"OSTLU_16877","sodium/calcium ion channel","","VIC","The Voltage-gated Ion Channel (VIC) Superfamily","Ion Channels","1.A.1"
"OSTLU_17765","potassium ion channel, potassium voltage-gated channel, subfamily H (Eag-related)","","VIC","The Voltage-gated Ion Channel (VIC) Superfamily","Ion Channels","1.A.1"
"OSTLU_28283","calcium ion channel","","VIC","The Voltage-gated Ion Channel (VIC) Superfamily","Ion Channels","1.A.1"
"OSTLU_28616","potassium ion channel","","VIC","The Voltage-gated Ion Channel (VIC) Superfamily","Ion Channels","1.A.1"
"OSTLU_31611","potassium ion channel subfamily H","","VIC","The Voltage-gated Ion Channel (VIC) Superfamily","Ion Channels","1.A.1"
"OSTLU_32140","calcium ion channel","","VIC","The Voltage-gated Ion Channel (VIC) Superfamily","Ion Channels","1.A.1"
"OSTLU_41153","calcium-activated outward-rectifying potassium ion channel","","VIC","The Voltage-gated Ion Channel (VIC) Superfamily","Ion Channels","1.A.1"
"OSTLU_41686","inwardly rectifying potassium ion channel","","VIC","The Voltage-gated Ion Channel (VIC) Superfamily","Ion Channels","1.A.1"
"OSTLU_43813","potassium ion channel","","VIC","The Voltage-gated Ion Channel (VIC) Superfamily","Ion Channels","1.A.1"
"OSTLU_45407","calcium ion channel","","VIC","The Voltage-gated Ion Channel (VIC) Superfamily","Ion Channels","1.A.1"
"OSTLU_7186","potassium ion channel","","VIC","The Voltage-gated Ion Channel (VIC) Superfamily","Ion Channels","1.A.1"
"OSTLU_7925","sodium ion channel","","VIC","The Voltage-gated Ion Channel (VIC) Superfamily","Ion Channels","1.A.1"
"OSTLU_88568","potassium ion channel subfamily H","","VIC","The Voltage-gated Ion Channel (VIC) Superfamily","Ion Channels","1.A.1"
"OSTLU_18703","potassium ion channel subfamily G","","VIC","The Voltage-gated Ion Channel (VIC) Superfamily","Ion Channels","1.A.1"
"OSTLU_86010","potassium ion channel subfamily B VIC","","VIC","The Voltage-gated Ion Channel (VIC) Superfamily","Ion Channels","1.A.1"
"OSTLU_31719","peroxisomal targeting signal 1 receptor","","PPI","The Peroxisomal Protein Importer (PPI) Family","Unclassified","9.A.5"
"OSTLU_88512","peroxisomal targeting signal type 2 receptor (PEX7)","","PPI","The Peroxisomal Protein Importer (PPI) Family","Unclassified","9.A.5"
